date,rate
22.08.2014,"0,2384"
23.08.2014,"0,2384"
24.08.2014,"0,2384"
25.08.2014,"0,2384"
26.08.2014,"0,2381"
27.08.2014,"0,2346"
28.08.2014,"0,2336"
29.08.2014,"0,2336"
30.08.2014,"0,2336"
31.08.2014,"0,2336"
01.09.2014,"0,2336"
02.09.2014,"0,2331"
03.09.2014,"0,2341"
04.09.2014,"0,2331"
05.09.2014,"0,2323"
06.09.2014,"0,2323"
07.09.2014,"0,2323"
08.09.2014,"0,2336"
09.09.2014,"0,2346"
10.09.2014,"0,2346"
11.09.2014,"0,2341"
12.09.2014,"0,2346"
13.09.2014,"0,2346"
14.09.2014,"0,2346"
15.09.2014,"0,2346"
16.09.2014,"0,2344"
17.09.2014,"0,2341"
18.09.2014,"0,2331"
19.09.2014,"0,2331"
20.09.2014,"0,2331"
21.09.2014,"0,2331"
22.09.2014,"0,2356"
23.09.2014,"0,2341"
24.09.2014,"0,2351"
25.09.2014,"0,2336"
26.09.2014,"0,2331"
27.09.2014,"0,2331"
28.09.2014,"0,2331"
29.09.2014,"0,2351"
30.09.2014,"0,2351"
01.10.2014,"0,2326"
02.10.2014,"0,2312"
03.10.2014,"0,2316"
04.10.2014,"0,2316"
05.10.2014,"0,2316"
06.10.2014,"0,2326"
07.10.2014,"0,2311"
08.10.2014,"0,2291"
09.10.2014,"0,2291"
10.10.2014,"0,23"
11.10.2014,"0,23"
12.10.2014,"0,23"
13.10.2014,"0,2306"
14.10.2014,"0,2291"
15.10.2014,"0,2281"
16.10.2014,"0,23075"
17.10.2014,"0,23135"
18.10.2014,"0,23135"
19.10.2014,"0,23135"
20.10.2014,"0,2321"
21.10.2014,"0,2306"
22.10.2014,"0,2328"
23.10.2014,"0,2336"
24.10.2014,"0,2331"
25.10.2014,"0,2331"
26.10.2014,"0,2331"
27.10.2014,"0,2326"
28.10.2014,"0,2326"
29.10.2014,"0,2326"
30.10.2014,"0,23235"
31.10.2014,"0,2321"
01.11.2014,"0,2321"
02.11.2014,"0,2321"
03.11.2014,"0,23235"
04.11.2014,"0,23185"
05.11.2014,"0,23185"
06.11.2014,"0,2316"
07.11.2014,"0,2326"
08.11.2014,"0,2326"
09.11.2014,"0,2326"
10.11.2014,"0,2331"
11.11.2014,"0,2332"
12.11.2014,"0,2332"
13.11.2014,"0,2321"
14.11.2014,"0,2321"
15.11.2014,"0,2321"
16.11.2014,"0,2321"
17.11.2014,"0,23185"
18.11.2014,"0,23185"
19.11.2014,"0,2311"
20.11.2014,"0,2329"
21.11.2014,"0,23285"
22.11.2014,"0,23285"
23.11.2014,"0,23285"
24.11.2014,"0,23435"
25.11.2014,"0,2356"
26.11.2014,"0,2356"
27.11.2014,"0,2336"
28.11.2014,"0,2336"
29.11.2014,"0,2336"
30.11.2014,"0,2336"
01.12.2014,"0,2346"
02.12.2014,"0,2346"
03.12.2014,"0,23485"
04.12.2014,"0,23535"
05.12.2014,"0,2356"
06.12.2014,"0,2356"
07.12.2014,"0,2356"
08.12.2014,"0,2376"
09.12.2014,"0,23885"
10.12.2014,"0,2399"
11.12.2014,"0,2406"
12.12.2014,"0,24285"
13.12.2014,"0,24285"
14.12.2014,"0,24285"
15.12.2014,"0,2426"
16.12.2014,"0,2426"
17.12.2014,"0,24535"
18.12.2014,"0,2471"
19.12.2014,"0,2521"
20.12.2014,"0,2521"
21.12.2014,"0,2521"
22.12.2014,"0,2551"
23.12.2014,"0,2546"
24.12.2014,"0,2566"
25.12.2014,"0,2566"
26.12.2014,"0,2566"
27.12.2014,"0,2566"
28.12.2014,"0,2566"
29.12.2014,"0,2551"
30.12.2014,"0,2552"
31.12.2014,"0,2556"
01.01.2015,"0,2556"
02.01.2015,"0,2556"
03.01.2015,"0,2556"
04.01.2015,"0,2556"
05.01.2015,"0,2536"
06.01.2015,"0,2511"
07.01.2015,"0,2521"
08.01.2015,"0,2521"
09.01.2015,"0,2541"
10.01.2015,"0,2541"
11.01.2015,"0,2541"
12.01.2015,"0,2528"
13.01.2015,"0,2533"
14.01.2015,"0,2536"
15.01.2015,"0,2526"
16.01.2015,"0,2566"
17.01.2015,"0,2566"
18.01.2015,"0,2566"
19.01.2015,"0,2562"
20.01.2015,"0,2567"
21.01.2015,"0,2571"
22.01.2015,"0,2561"
23.01.2015,"0,2561"
24.01.2015,"0,2561"
25.01.2015,"0,2561"
26.01.2015,"0,2561"
27.01.2015,"0,2526"
28.01.2015,"0,2546"
29.01.2015,"0,2546"
30.01.2015,"0,2531"
31.01.2015,"0,2531"
01.02.2015,"0,2531"
02.02.2015,"0,2521"
03.02.2015,"0,2551"
04.02.2015,"0,2551"
05.02.2015,"0,2561"
06.02.2015,"0,2556"
07.02.2015,"0,2556"
08.02.2015,"0,2556"
09.02.2015,"0,25835"
10.02.2015,"0,2581"
11.02.2015,"0,2581"
12.02.2015,"0,2581"
13.02.2015,"0,2571"
14.02.2015,"0,2571"
15.02.2015,"0,2571"
16.02.2015,"0,2562"
17.02.2015,"0,2567"
18.02.2015,"0,2606"
19.02.2015,"0,2615"
20.02.2015,"0,2626"
21.02.2015,"0,2626"
22.02.2015,"0,2626"
23.02.2015,"0,2616"
24.02.2015,"0,2611"
25.02.2015,"0,2609"
26.02.2015,"0,2616"
27.02.2015,"0,26185"
28.02.2015,"0,26185"
01.03.2015,"0,26185"
02.03.2015,"0,26095"
03.03.2015,"0,26515"
04.03.2015,"0,2636"
05.03.2015,"0,2636"
06.03.2015,"0,2646"
07.03.2015,"0,2646"
08.03.2015,"0,2646"
09.03.2015,"0,2666"
10.03.2015,"0,2677"
11.03.2015,"0,2699"
12.03.2015,"0,2706"
13.03.2015,"0,27065"
14.03.2015,"0,27065"
15.03.2015,"0,27065"
16.03.2015,"0,27015"
17.03.2015,"0,26935"
18.03.2015,"0,2703"
19.03.2015,"0,26455"
20.03.2015,"0,2668"
21.03.2015,"0,2668"
22.03.2015,"0,2668"
23.03.2015,"0,2668"
24.03.2015,"0,26935"
25.03.2015,"0,26855"
26.03.2015,"0,27305"
27.03.2015,"0,2754"
28.03.2015,"0,2754"
29.03.2015,"0,2754"
30.03.2015,"0,27415"
31.03.2015,"0,27075"
01.04.2015,"0,27075"
02.04.2015,"0,27375"
03.04.2015,"0,27375"
04.04.2015,"0,27375"
05.04.2015,"0,27375"
06.04.2015,"0,27375"
07.04.2015,"0,27375"
08.04.2015,"0,2712"
09.04.2015,"0,2759"
10.04.2015,"0,277"
11.04.2015,"0,277"
12.04.2015,"0,277"
13.04.2015,"0,2753"
14.04.2015,"0,27555"
15.04.2015,"0,27435"
16.04.2015,"0,2751"
17.04.2015,"0,27575"
18.04.2015,"0,27575"
19.04.2015,"0,27575"
20.04.2015,"0,276"
21.04.2015,"0,27725"
22.04.2015,"0,2775"
23.04.2015,"0,277"
24.04.2015,"0,279"
25.04.2015,"0,279"
26.04.2015,"0,279"
27.04.2015,"0,279"
28.04.2015,"0,27815"
29.04.2015,"0,27815"
30.04.2015,"0,27875"
01.05.2015,"0,27975"
02.05.2015,"0,27975"
03.05.2015,"0,27975"
04.05.2015,"0,27975"
05.05.2015,"0,2759"
06.05.2015,"0,276"
07.05.2015,"0,27885"
08.05.2015,"0,27985"
09.05.2015,"0,27985"
10.05.2015,"0,27985"
11.05.2015,"0,2766"
12.05.2015,"0,275"
13.05.2015,"0,2739"
14.05.2015,"0,276"
15.05.2015,"0,2765"
16.05.2015,"0,2765"
17.05.2015,"0,2765"
18.05.2015,"0,276"
19.05.2015,"0,281"
20.05.2015,"0,2835"
21.05.2015,"0,282"
22.05.2015,"0,2845"
23.05.2015,"0,2845"
24.05.2015,"0,2845"
25.05.2015,"0,2845"
26.05.2015,"0,28585"
27.05.2015,"0,2835"
28.05.2015,"0,28275"
29.05.2015,"0,28375"
30.05.2015,"0,28375"
31.05.2015,"0,28375"
01.06.2015,"0,2825"
02.06.2015,"0,2787"
03.06.2015,"0,2792"
04.06.2015,"0,2789"
05.06.2015,"0,2812"
06.06.2015,"0,2812"
07.06.2015,"0,2812"
08.06.2015,"0,2822"
09.06.2015,"0,2855"
10.06.2015,"0,28785"
11.06.2015,"0,28585"
12.06.2015,"0,28605"
13.06.2015,"0,28605"
14.06.2015,"0,28605"
15.06.2015,"0,28325"
16.06.2015,"0,28625"
17.06.2015,"0,2857"
18.06.2015,"0,2808"
19.06.2015,"0,2813"
20.06.2015,"0,2813"
21.06.2015,"0,2813"
22.06.2015,"0,28225"
23.06.2015,"0,28075"
24.06.2015,"0,28075"
25.06.2015,"0,282"
26.06.2015,"0,28175"
27.06.2015,"0,28175"
28.06.2015,"0,28175"
29.06.2015,"0,2837"
30.06.2015,"0,2832"
01.07.2015,"0,2836"
02.07.2015,"0,2835"
03.07.2015,"0,2843"
04.07.2015,"0,2843"
05.07.2015,"0,2843"
06.07.2015,"0,28425"
07.07.2015,"0,28325"
08.07.2015,"0,28345"
09.07.2015,"0,286"
10.07.2015,"0,2858"
11.07.2015,"0,2858"
12.07.2015,"0,2858"
13.07.2015,"0,2888"
14.07.2015,"0,2885"
15.07.2015,"0,2885"
16.07.2015,"0,287"
17.07.2015,"0,29175"
18.07.2015,"0,29175"
19.07.2015,"0,29175"
20.07.2015,"0,295"
21.07.2015,"0,2941"
22.07.2015,"0,2925"
23.07.2015,"0,2951"
24.07.2015,"0,2936"
25.07.2015,"0,2936"
26.07.2015,"0,2936"
27.07.2015,"0,2941"
28.07.2015,"0,2968"
29.07.2015,"0,2968"
30.07.2015,"0,3001"
31.07.2015,"0,3086"
01.08.2015,"0,3086"
02.08.2015,"0,3086"
03.08.2015,"0,3037"
04.08.2015,"0,3011"
05.08.2015,"0,3109"
06.08.2015,"0,3114"
07.08.2015,"0,3116"
08.08.2015,"0,3116"
09.08.2015,"0,3116"
10.08.2015,"0,3142"
11.08.2015,"0,31435"
12.08.2015,"0,3093"
13.08.2015,"0,3205"
14.08.2015,"0,32445"
15.08.2015,"0,32445"
16.08.2015,"0,32445"
17.08.2015,"0,33285"
18.08.2015,"0,33285"
19.08.2015,"0,33335"
20.08.2015,"0,3291"
21.08.2015,"0,3291"
22.08.2015,"0,3291"
23.08.2015,"0,3291"
24.08.2015,"0,3316"
25.08.2015,"0,327"
26.08.2015,"0,3252"
27.08.2015,"0,3244"
28.08.2015,"0,329"
29.08.2015,"0,329"
30.08.2015,"0,329"
31.08.2015,"0,329"
01.09.2015,"0,334"
02.09.2015,"0,3325"
03.09.2015,"0,3335"
04.09.2015,"0,332"
05.09.2015,"0,332"
06.09.2015,"0,332"
07.09.2015,"0,333"
08.09.2015,"0,332"
09.09.2015,"0,333"
10.09.2015,"0,336"
11.09.2015,"0,3372"
12.09.2015,"0,3372"
13.09.2015,"0,3372"
14.09.2015,"0,3355"
15.09.2015,"0,33425"
16.09.2015,"0,3396"
17.09.2015,"0,3451"
18.09.2015,"0,3192"
19.09.2015,"0,3192"
20.09.2015,"0,3192"
21.09.2015,"0,326"
22.09.2015,"0,3265"
23.09.2015,"0,3255"
24.09.2015,"0,3264"
25.09.2015,"0,3261"
26.09.2015,"0,3261"
27.09.2015,"0,3261"
28.09.2015,"0,3266"
29.09.2015,"0,3255"
30.09.2015,"0,325"
01.10.2015,"0,324"
02.10.2015,"0,3271"
03.10.2015,"0,3271"
04.10.2015,"0,3271"
05.10.2015,"0,3232"
06.10.2015,"0,318"
07.10.2015,"0,3186"
08.10.2015,"0,3196"
09.10.2015,"0,3206"
10.10.2015,"0,3206"
11.10.2015,"0,3206"
12.10.2015,"0,32075"
13.10.2015,"0,3205"
14.10.2015,"0,31705"
15.10.2015,"0,31515"
16.10.2015,"0,31715"
17.10.2015,"0,31715"
18.10.2015,"0,31715"
19.10.2015,"0,31665"
20.10.2015,"0,3204"
21.10.2015,"0,3164"
22.10.2015,"0,3199"
23.10.2015,"0,3229"
24.10.2015,"0,3229"
25.10.2015,"0,3229"
26.10.2015,"0,32315"
27.10.2015,"0,3239"
28.10.2015,"0,3219"
29.10.2015,"0,3289"
30.10.2015,"0,3341"
31.10.2015,"0,3341"
01.11.2015,"0,3341"
02.11.2015,"0,3341"
03.11.2015,"0,3336"
04.11.2015,"0,3366"
05.11.2015,"0,3439"
06.11.2015,"0,3414"
07.11.2015,"0,3414"
08.11.2015,"0,3414"
09.11.2015,"0,3556"
10.11.2015,"0,3561"
11.11.2015,"0,3591"
12.11.2015,"0,3616"
13.11.2015,"0,3636"
14.11.2015,"0,3636"
15.11.2015,"0,3636"
16.11.2015,"0,3641"
17.11.2015,"0,3671"
18.11.2015,"0,3696"
19.11.2015,"0,3776"
20.11.2015,"0,3821"
21.11.2015,"0,3821"
22.11.2015,"0,3821"
23.11.2015,"0,3932"
24.11.2015,"0,4023"
25.11.2015,"0,4067"
26.11.2015,"0,4117"
27.11.2015,"0,4142"
28.11.2015,"0,4142"
29.11.2015,"0,4142"
30.11.2015,"0,4162"
01.12.2015,"0,4222"
02.12.2015,"0,436"
03.12.2015,"0,452"
04.12.2015,"0,462"
05.12.2015,"0,462"
06.12.2015,"0,462"
07.12.2015,"0,477"
08.12.2015,"0,4865"
09.12.2015,"0,492"
10.12.2015,"0,502"
11.12.2015,"0,512"
12.12.2015,"0,512"
13.12.2015,"0,512"
14.12.2015,"0,51775"
15.12.2015,"0,52575"
16.12.2015,"0,5325"
17.12.2015,"0,5695"
18.12.2015,"0,5855"
19.12.2015,"0,5855"
20.12.2015,"0,5855"
21.12.2015,"0,5931"
22.12.2015,"0,59435"
23.12.2015,"0,6031"
24.12.2015,"0,6031"
25.12.2015,"0,6031"
26.12.2015,"0,6031"
27.12.2015,"0,6031"
28.12.2015,"0,6031"
29.12.2015,"0,6067"
30.12.2015,"0,6122"
31.12.2015,"0,6127"
01.01.2016,"0,6127"
02.01.2016,"0,6127"
03.01.2016,"0,6127"
04.01.2016,"0,6117"
05.01.2016,"0,6171"
06.01.2016,"0,6201"
07.01.2016,"0,61685"
08.01.2016,"0,6211"
09.01.2016,"0,6211"
10.01.2016,"0,6211"
11.01.2016,"0,6221"
12.01.2016,"0,6236"
13.01.2016,"0,622"
14.01.2016,"0,6211"
15.01.2016,"0,6196"
16.01.2016,"0,6196"
17.01.2016,"0,6196"
18.01.2016,"0,6238"
19.01.2016,"0,6243"
20.01.2016,"0,6213"
21.01.2016,"0,6186"
22.01.2016,"0,6191"
23.01.2016,"0,6191"
24.01.2016,"0,6191"
25.01.2016,"0,6213"
26.01.2016,"0,6211"
27.01.2016,"0,6181"
28.01.2016,"0,6156"
29.01.2016,"0,6126"
30.01.2016,"0,6126"
31.01.2016,"0,6126"
01.02.2016,"0,6186"
02.02.2016,"0,6192"
03.02.2016,"0,6206"
04.02.2016,"0,6202"
05.02.2016,"0,6197"
06.02.2016,"0,6197"
07.02.2016,"0,6197"
08.02.2016,"0,621"
09.02.2016,"0,6205"
10.02.2016,"0,6176"
11.02.2016,"0,6172"
12.02.2016,"0,6182"
13.02.2016,"0,6182"
14.02.2016,"0,6182"
15.02.2016,"0,6182"
16.02.2016,"0,6182"
17.02.2016,"0,6194"
18.02.2016,"0,6182"
19.02.2016,"0,6182"
20.02.2016,"0,6182"
21.02.2016,"0,6182"
22.02.2016,"0,6246"
23.02.2016,"0,6291"
24.02.2016,"0,6346"
25.02.2016,"0,6356"
26.02.2016,"0,6351"
27.02.2016,"0,6351"
28.02.2016,"0,6351"
29.02.2016,"0,6331"
01.03.2016,"0,6316"
02.03.2016,"0,63485"
03.03.2016,"0,6356"
04.03.2016,"0,6335"
05.03.2016,"0,6335"
06.03.2016,"0,6335"
07.03.2016,"0,6361"
08.03.2016,"0,63515"
09.03.2016,"0,6346"
10.03.2016,"0,63235"
11.03.2016,"0,63385"
12.03.2016,"0,63385"
13.03.2016,"0,63385"
14.03.2016,"0,63955"
15.03.2016,"0,64195"
16.03.2016,"0,639"
17.03.2016,"0,6234"
18.03.2016,"0,6243"
19.03.2016,"0,6243"
20.03.2016,"0,6243"
21.03.2016,"0,6246"
22.03.2016,"0,62835"
23.03.2016,"0,6301"
24.03.2016,"0,6286"
25.03.2016,"0,6286"
26.03.2016,"0,6286"
27.03.2016,"0,6286"
28.03.2016,"0,6286"
29.03.2016,"0,63085"
30.03.2016,"0,6251"
31.03.2016,"0,6286"
01.04.2016,"0,6291"
02.04.2016,"0,6291"
03.04.2016,"0,6291"
04.04.2016,"0,6301"
05.04.2016,"0,6266"
06.04.2016,"0,6306"
07.04.2016,"0,6288"
08.04.2016,"0,6308"
09.04.2016,"0,6308"
10.04.2016,"0,6308"
11.04.2016,"0,62985"
12.04.2016,"0,6296"
13.04.2016,"0,62835"
14.04.2016,"0,63285"
15.04.2016,"0,6331"
16.04.2016,"0,6331"
17.04.2016,"0,6331"
18.04.2016,"0,63435"
19.04.2016,"0,63485"
20.04.2016,"0,6351"
21.04.2016,"0,6381"
22.04.2016,"0,63585"
23.04.2016,"0,63585"
24.04.2016,"0,63585"
25.04.2016,"0,63385"
26.04.2016,"0,63435"
27.04.2016,"0,63835"
28.04.2016,"0,6366"
29.04.2016,"0,6366"
30.04.2016,"0,6366"
01.05.2016,"0,6366"
02.05.2016,"0,6366"
03.05.2016,"0,6329"
04.05.2016,"0,6341"
05.05.2016,"0,6318"
06.05.2016,"0,6296"
07.05.2016,"0,6296"
08.05.2016,"0,6296"
09.05.2016,"0,6296"
10.05.2016,"0,6281"
11.05.2016,"0,6266"
12.05.2016,"0,6261"
13.05.2016,"0,6276"
14.05.2016,"0,6276"
15.05.2016,"0,6276"
16.05.2016,"0,6261"
17.05.2016,"0,6251"
18.05.2016,"0,6356"
19.05.2016,"0,6539"
20.05.2016,"0,6613"
21.05.2016,"0,6613"
22.05.2016,"0,6613"
23.05.2016,"0,6623"
24.05.2016,"0,6653"
25.05.2016,"0,66655"
26.05.2016,"0,67405"
27.05.2016,"0,67305"
28.05.2016,"0,67305"
29.05.2016,"0,67305"
30.05.2016,"0,67305"
31.05.2016,"0,6858"
01.06.2016,"0,6813"
02.06.2016,"0,6801"
03.06.2016,"0,68215"
04.06.2016,"0,68215"
05.06.2016,"0,68215"
06.06.2016,"0,66065"
07.06.2016,"0,6566"
08.06.2016,"0,658"
09.06.2016,"0,65605"
10.06.2016,"0,6556"
11.06.2016,"0,6556"
12.06.2016,"0,6556"
13.06.2016,"0,6525"
14.06.2016,"0,6548"
15.06.2016,"0,65635"
16.06.2016,"0,6466"
17.06.2016,"0,6444"
18.06.2016,"0,6444"
19.06.2016,"0,6444"
20.06.2016,"0,6465"
21.06.2016,"0,64185"
22.06.2016,"0,6401"
23.06.2016,"0,6401"
24.06.2016,"0,6236"
25.06.2016,"0,6236"
26.06.2016,"0,6236"
27.06.2016,"0,6271"
28.06.2016,"0,6311"
29.06.2016,"0,6461"
30.06.2016,"0,6541"
01.07.2016,"0,65335"
02.07.2016,"0,65335"
03.07.2016,"0,65335"
04.07.2016,"0,65635"
05.07.2016,"0,6571"
06.07.2016,"0,6611"
07.07.2016,"0,6646"
08.07.2016,"0,6671"
09.07.2016,"0,6671"
10.07.2016,"0,6671"
11.07.2016,"0,6691"
12.07.2016,"0,67335"
13.07.2016,"0,6801"
14.07.2016,"0,6791"
15.07.2016,"0,68785"
16.07.2016,"0,68785"
17.07.2016,"0,68785"
18.07.2016,"0,6956"
19.07.2016,"0,6971"
20.07.2016,"0,7016"
21.07.2016,"0,7145"
22.07.2016,"0,721"
23.07.2016,"0,721"
24.07.2016,"0,721"
25.07.2016,"0,7335"
26.07.2016,"0,743"
27.07.2016,"0,7515"
28.07.2016,"0,7565"
29.07.2016,"0,7591"
30.07.2016,"0,7591"
31.07.2016,"0,7591"
01.08.2016,"0,7591"
02.08.2016,"0,7676"
03.08.2016,"0,7776"
04.08.2016,"0,7876"
05.08.2016,"0,79235"
06.08.2016,"0,79235"
07.08.2016,"0,79235"
08.08.2016,"0,8065"
09.08.2016,"0,816"
10.08.2016,"0,8176"
11.08.2016,"0,817"
12.08.2016,"0,81825"
13.08.2016,"0,81825"
14.08.2016,"0,81825"
15.08.2016,"0,80411"
16.08.2016,"0,80128"
17.08.2016,"0,81128"
18.08.2016,"0,811"
19.08.2016,"0,81711"
20.08.2016,"0,81711"
21.08.2016,"0,81711"
22.08.2016,"0,82544"
23.08.2016,"0,82544"
24.08.2016,"0,82544"
25.08.2016,"0,82933"
26.08.2016,"0,83344"
27.08.2016,"0,83344"
28.08.2016,"0,83344"
29.08.2016,"0,83344"
30.08.2016,"0,84211"
31.08.2016,"0,83933"
01.09.2016,"0,83567"
02.09.2016,"0,83511"
03.09.2016,"0,83511"
04.09.2016,"0,83511"
05.09.2016,"0,83344"
06.09.2016,"0,84067"
07.09.2016,"0,83356"
08.09.2016,"0,84544"
09.09.2016,"0,85222"
10.09.2016,"0,85222"
11.09.2016,"0,85222"
12.09.2016,"0,85578"
13.09.2016,"0,85028"
14.09.2016,"0,85389"
15.09.2016,"0,85656"
16.09.2016,"0,85711"
17.09.2016,"0,85711"
18.09.2016,"0,85711"
19.09.2016,"0,86067"
20.09.2016,"0,86589"
21.09.2016,"0,86333"
22.09.2016,"0,85672"
23.09.2016,"0,85294"
24.09.2016,"0,85294"
25.09.2016,"0,85294"
26.09.2016,"0,85294"
27.09.2016,"0,85378"
28.09.2016,"0,83769"
29.09.2016,"0,84561"
30.09.2016,"0,85367"
01.10.2016,"0,85367"
02.10.2016,"0,85367"
03.10.2016,"0,85789"
04.10.2016,"0,86433"
05.10.2016,"0,86794"
06.10.2016,"0,87156"
07.10.2016,"0,87606"
08.10.2016,"0,87606"
09.10.2016,"0,87606"
10.10.2016,"0,87389"
11.10.2016,"0,8775"
12.10.2016,"0,88111"
13.10.2016,"0,88"
14.10.2016,"0,88167"
15.10.2016,"0,88167"
16.10.2016,"0,88167"
17.10.2016,"0,87761"
18.10.2016,"0,88122"
19.10.2016,"0,88067"
20.10.2016,"0,88178"
21.10.2016,"0,88178"
22.10.2016,"0,88178"
23.10.2016,"0,88178"
24.10.2016,"0,88372"
25.10.2016,"0,88567"
26.10.2016,"0,89039"
27.10.2016,"0,88733"
28.10.2016,"0,88594"
29.10.2016,"0,88594"
30.10.2016,"0,88594"
31.10.2016,"0,88428"
01.11.2016,"0,88094"
02.11.2016,"0,87567"
03.11.2016,"0,88094"
04.11.2016,"0,88261"
05.11.2016,"0,88261"
06.11.2016,"0,88261"
07.11.2016,"0,88678"
08.11.2016,"0,88233"
09.11.2016,"0,8865"
10.11.2016,"0,90206"
11.11.2016,"0,90567"
12.11.2016,"0,90567"
13.11.2016,"0,90567"
14.11.2016,"0,91122"
15.11.2016,"0,90622"
16.11.2016,"0,90872"
17.11.2016,"0,91122"
18.11.2016,"0,91622"
19.11.2016,"0,91622"
20.11.2016,"0,91622"
21.11.2016,"0,91983"
22.11.2016,"0,92483"
23.11.2016,"0,93011"
24.11.2016,"0,93706"
25.11.2016,"0,93733"
26.11.2016,"0,93733"
27.11.2016,"0,93733"
28.11.2016,"0,93511"
29.11.2016,"0,93067"
30.11.2016,"0,93417"
01.12.2016,"0,94167"
02.12.2016,"0,94639"
03.12.2016,"0,94639"
04.12.2016,"0,94639"
05.12.2016,"0,94806"
06.12.2016,"0,95083"
07.12.2016,"0,95083"
08.12.2016,"0,95306"
09.12.2016,"0,9565"
10.12.2016,"0,9565"
11.12.2016,"0,9565"
12.12.2016,"0,95872"
13.12.2016,"0,96344"
14.12.2016,"0,97039"
15.12.2016,"0,99317"
16.12.2016,"0,99733"
17.12.2016,"0,99733"
18.12.2016,"0,99733"
19.12.2016,"0,99428"
20.12.2016,"0,99622"
21.12.2016,"0,99761"
22.12.2016,"0,99706"
23.12.2016,"0,99706"
24.12.2016,"0,99706"
25.12.2016,"0,99706"
26.12.2016,"0,99706"
27.12.2016,"0,99706"
28.12.2016,"0,99817"
29.12.2016,"0,99789"
30.12.2016,"0,99789"
31.12.2016,"0,99789"
01.01.2017,"0,99789"
02.01.2017,"0,99789"
03.01.2017,"0,99872"
04.01.2017,"1,00511"
05.01.2017,"1,00928"
06.01.2017,"1,01011"
07.01.2017,"1,01011"
08.01.2017,"1,01011"
09.01.2017,"1,01483"
10.01.2017,"1,01789"
11.01.2017,"1,02178"
12.01.2017,"1,02178"
13.01.2017,"1,02317"
14.01.2017,"1,02317"
15.01.2017,"1,02317"
16.01.2017,"1,02372"
17.01.2017,"1,02483"
18.01.2017,"1,03011"
19.01.2017,"1,04122"
20.01.2017,"1,04344"
21.01.2017,"1,04344"
22.01.2017,"1,04344"
23.01.2017,"1,03789"
24.01.2017,"1,03178"
25.01.2017,"1,03733"
26.01.2017,"1,039"
27.01.2017,"1,039"
28.01.2017,"1,039"
29.01.2017,"1,039"
30.01.2017,"1,034"
31.01.2017,"1,03456"
01.02.2017,"1,03456"
02.02.2017,"1,03372"
03.02.2017,"1,034"
04.02.2017,"1,034"
05.02.2017,"1,034"
06.02.2017,"1,03844"
07.02.2017,"1,03817"
08.02.2017,"1,03372"
09.02.2017,"1,03372"
10.02.2017,"1,03622"
11.02.2017,"1,03622"
12.02.2017,"1,03622"
13.02.2017,"1,039"
14.02.2017,"1,03733"
15.02.2017,"1,04178"
16.02.2017,"1,0565"
17.02.2017,"1,05233"
18.02.2017,"1,05233"
19.02.2017,"1,05233"
20.02.2017,"1,05011"
21.02.2017,"1,05344"
22.02.2017,"1,054"
23.02.2017,"1,05233"
24.02.2017,"1,054"
25.02.2017,"1,054"
26.02.2017,"1,054"
27.02.2017,"1,05456"
28.02.2017,"1,064"
01.03.2017,"1,09278"
02.03.2017,"1,1"
03.03.2017,"1,10167"
04.03.2017,"1,10167"
05.03.2017,"1,10167"
06.03.2017,"1,10622"
07.03.2017,"1,10622"
08.03.2017,"1,109"
09.03.2017,"1,11956"
10.03.2017,"1,12122"
11.03.2017,"1,12122"
12.03.2017,"1,12122"
13.03.2017,"1,13122"
14.03.2017,"1,13733"
15.03.2017,"1,14817"
16.03.2017,"1,15178"
17.03.2017,"1,15178"
18.03.2017,"1,15178"
19.03.2017,"1,15178"
20.03.2017,"1,15622"
21.03.2017,"1,15622"
22.03.2017,"1,15678"
23.03.2017,"1,15289"
24.03.2017,"1,15128"
25.03.2017,"1,15128"
26.03.2017,"1,15128"
27.03.2017,"1,15189"
28.03.2017,"1,15222"
29.03.2017,"1,14678"
30.03.2017,"1,14761"
31.03.2017,"1,14956"
01.04.2017,"1,14956"
02.04.2017,"1,14956"
03.04.2017,"1,14983"
04.04.2017,"1,14983"
05.04.2017,"1,15039"
06.04.2017,"1,15539"
07.04.2017,"1,15761"
08.04.2017,"1,15761"
09.04.2017,"1,15761"
10.04.2017,"1,15567"
11.04.2017,"1,15511"
12.04.2017,"1,15844"
13.04.2017,"1,15844"
14.04.2017,"1,15844"
15.04.2017,"1,15844"
16.04.2017,"1,15844"
17.04.2017,"1,15844"
18.04.2017,"1,15622"
19.04.2017,"1,15567"
20.04.2017,"1,15317"
21.04.2017,"1,15622"
22.04.2017,"1,15622"
23.04.2017,"1,15622"
24.04.2017,"1,1665"
25.04.2017,"1,17039"
26.04.2017,"1,17178"
27.04.2017,"1,16956"
28.04.2017,"1,17233"
29.04.2017,"1,17233"
30.04.2017,"1,17233"
01.05.2017,"1,17233"
02.05.2017,"1,17372"
03.05.2017,"1,17122"
04.05.2017,"1,17928"
05.05.2017,"1,18039"
06.05.2017,"1,18039"
07.05.2017,"1,18039"
08.05.2017,"1,18456"
09.05.2017,"1,182"
10.05.2017,"1,18094"
11.05.2017,"1,18178"
12.05.2017,"1,17956"
13.05.2017,"1,17956"
14.05.2017,"1,17956"
15.05.2017,"1,17944"
16.05.2017,"1,18117"
17.05.2017,"1,17839"
18.05.2017,"1,17172"
19.05.2017,"1,18644"
20.05.2017,"1,18644"
21.05.2017,"1,18644"
22.05.2017,"1,192"
23.05.2017,"1,18867"
24.05.2017,"1,19761"
25.05.2017,"1,20039"
26.05.2017,"1,20178"
27.05.2017,"1,20178"
28.05.2017,"1,20178"
29.05.2017,"1,20178"
30.05.2017,"1,20178"
31.05.2017,"1,21"
01.06.2017,"1,21806"
02.06.2017,"1,2225"
03.06.2017,"1,2225"
04.06.2017,"1,2225"
05.06.2017,"1,21956"
06.06.2017,"1,219"
07.06.2017,"1,221"
08.06.2017,"1,22811"
09.06.2017,"1,23644"
10.06.2017,"1,23644"
11.06.2017,"1,23644"
12.06.2017,"1,24167"
13.06.2017,"1,24556"
14.06.2017,"1,25033"
15.06.2017,"1,26744"
16.06.2017,"1,27356"
17.06.2017,"1,27356"
18.06.2017,"1,27356"
19.06.2017,"1,28022"
20.06.2017,"1,28722"
21.06.2017,"1,28944"
22.06.2017,"1,29556"
23.06.2017,"1,29328"
24.06.2017,"1,29328"
25.06.2017,"1,29328"
26.06.2017,"1,29483"
27.06.2017,"1,29506"
28.06.2017,"1,29639"
29.06.2017,"1,29861"
30.06.2017,"1,29917"
01.07.2017,"1,29917"
02.07.2017,"1,29917"
03.07.2017,"1,30072"
04.07.2017,"1,30211"
05.07.2017,"1,303"
06.07.2017,"1,30411"
07.07.2017,"1,30522"
08.07.2017,"1,30522"
09.07.2017,"1,30522"
10.07.2017,"1,30411"
11.07.2017,"1,3035"
12.07.2017,"1,30389"
13.07.2017,"1,30361"
14.07.2017,"1,30361"
15.07.2017,"1,30361"
16.07.2017,"1,30361"
17.07.2017,"1,30611"
18.07.2017,"1,30694"
19.07.2017,"1,30722"
20.07.2017,"1,3125"
21.07.2017,"1,31444"
22.07.2017,"1,31444"
23.07.2017,"1,31444"
24.07.2017,"1,31389"
25.07.2017,"1,31667"
26.07.2017,"1,31389"
27.07.2017,"1,31111"
28.07.2017,"1,31056"
29.07.2017,"1,31056"
30.07.2017,"1,31056"
31.07.2017,"1,31056"
01.08.2017,"1,31056"
02.08.2017,"1,31278"
03.08.2017,"1,31167"
04.08.2017,"1,31194"
05.08.2017,"1,31194"
06.08.2017,"1,31194"
07.08.2017,"1,31139"
08.08.2017,"1,30944"
09.08.2017,"1,30917"
10.08.2017,"1,30911"
11.08.2017,"1,315"
12.08.2017,"1,315"
13.08.2017,"1,315"
14.08.2017,"1,31417"
15.08.2017,"1,31417"
16.08.2017,"1,31667"
17.08.2017,"1,31639"
18.08.2017,"1,31472"
19.08.2017,"1,31472"
20.08.2017,"1,31472"
21.08.2017,"1,31444"
22.08.2017,"1,31722"
23.08.2017,"1,31722"
24.08.2017,"1,31722"
25.08.2017,"1,31778"
26.08.2017,"1,31778"
27.08.2017,"1,31778"
28.08.2017,"1,31778"
29.08.2017,"1,31694"
30.08.2017,"1,31611"
31.08.2017,"1,31778"
01.09.2017,"1,31611"
02.09.2017,"1,31611"
03.09.2017,"1,31611"
04.09.2017,"1,31611"
05.09.2017,"1,31722"
06.09.2017,"1,31722"
07.09.2017,"1,31722"
08.09.2017,"1,31033"
09.09.2017,"1,31033"
10.09.2017,"1,31033"
11.09.2017,"1,31667"
12.09.2017,"1,31917"
13.09.2017,"1,32"
14.09.2017,"1,32111"
15.09.2017,"1,32389"
16.09.2017,"1,32389"
17.09.2017,"1,32389"
18.09.2017,"1,325"
19.09.2017,"1,32611"
20.09.2017,"1,32306"
21.09.2017,"1,32833"
22.09.2017,"1,32944"
23.09.2017,"1,32944"
24.09.2017,"1,32944"
25.09.2017,"1,32972"
26.09.2017,"1,33083"
27.09.2017,"1,33278"
28.09.2017,"1,335"
29.09.2017,"1,33389"
30.09.2017,"1,33389"
01.10.2017,"1,33389"
02.10.2017,"1,33556"
03.10.2017,"1,3425"
04.10.2017,"1,34667"
05.10.2017,"1,34861"
06.10.2017,"1,35028"
07.10.2017,"1,35028"
08.10.2017,"1,35028"
09.10.2017,"1,35639"
10.10.2017,"1,35667"
11.10.2017,"1,35861"
12.10.2017,"1,35917"
13.10.2017,"1,35333"
14.10.2017,"1,35333"
15.10.2017,"1,35333"
16.10.2017,"1,35389"
17.10.2017,"1,35733"
18.10.2017,"1,36261"
19.10.2017,"1,3625"
20.10.2017,"1,36476"
21.10.2017,"1,36476"
22.10.2017,"1,36476"
23.10.2017,"1,36742"
24.10.2017,"1,37064"
25.10.2017,"1,37446"
26.10.2017,"1,37796"
27.10.2017,"1,38009"
28.10.2017,"1,38009"
29.10.2017,"1,38009"
30.10.2017,"1,37678"
31.10.2017,"1,38122"
01.11.2017,"1,38483"
02.11.2017,"1,39139"
03.11.2017,"1,39194"
04.11.2017,"1,39194"
05.11.2017,"1,39194"
06.11.2017,"1,39703"
07.11.2017,"1,40258"
08.11.2017,"1,40981"
09.11.2017,"1,41289"
10.11.2017,"1,41289"
11.11.2017,"1,41289"
12.11.2017,"1,41289"
13.11.2017,"1,41586"
14.11.2017,"1,41899"
15.11.2017,"1,4219"
16.11.2017,"1,43567"
17.11.2017,"1,44067"
18.11.2017,"1,44067"
19.11.2017,"1,44067"
20.11.2017,"1,44594"
21.11.2017,"1,454"
22.11.2017,"1,46233"
23.11.2017,"1,46206"
24.11.2017,"1,46763"
25.11.2017,"1,46763"
26.11.2017,"1,46763"
27.11.2017,"1,47725"
28.11.2017,"1,47882"
29.11.2017,"1,48063"
30.11.2017,"1,48738"
01.12.2017,"1,49463"
02.12.2017,"1,49463"
03.12.2017,"1,49463"
04.12.2017,"1,50849"
05.12.2017,"1,51532"
06.12.2017,"1,52263"
07.12.2017,"1,53606"
08.12.2017,"1,54878"
09.12.2017,"1,54878"
10.12.2017,"1,54878"
11.12.2017,"1,56347"
12.12.2017,"1,57352"
13.12.2017,"1,58849"
14.12.2017,"1,60042"
15.12.2017,"1,61331"
16.12.2017,"1,61331"
17.12.2017,"1,61331"
18.12.2017,"1,62548"
19.12.2017,"1,64203"
20.12.2017,"1,65793"
21.12.2017,"1,67464"
22.12.2017,"1,68577"
23.12.2017,"1,68577"
24.12.2017,"1,68577"
25.12.2017,"1,68577"
26.12.2017,"1,68577"
27.12.2017,"1,69339"
28.12.2017,"1,69465"
29.12.2017,"1,69428"
30.12.2017,"1,69428"
31.12.2017,"1,69428"
01.01.2018,"1,69428"
02.01.2018,"1,69693"
03.01.2018,"1,69593"
04.01.2018,"1,70381"
05.01.2018,"1,70393"
06.01.2018,"1,70393"
07.01.2018,"1,70393"
08.01.2018,"1,70802"
09.01.2018,"1,70457"
10.01.2018,"1,70911"
11.01.2018,"1,72019"
12.01.2018,"1,72152"
13.01.2018,"1,72152"
14.01.2018,"1,72152"
15.01.2018,"1,73133"
16.01.2018,"1,73408"
17.01.2018,"1,73918"
18.01.2018,"1,7447"
19.01.2018,"1,74447"
20.01.2018,"1,74447"
21.01.2018,"1,74447"
22.01.2018,"1,7413"
23.01.2018,"1,7452"
24.01.2018,"1,75246"
25.01.2018,"1,76031"
26.01.2018,"1,7669"
27.01.2018,"1,7669"
28.01.2018,"1,7669"
29.01.2018,"1,77225"
30.01.2018,"1,7734"
31.01.2018,"1,77777"
01.02.2018,"1,78698"
02.02.2018,"1,78902"
03.02.2018,"1,78902"
04.02.2018,"1,78902"
05.02.2018,"1,79345"
06.02.2018,"1,7907"
07.02.2018,"1,79989"
08.02.2018,"1,8105"
09.02.2018,"1,82"
10.02.2018,"1,82"
11.02.2018,"1,82"
12.02.2018,"1,83338"
13.02.2018,"1,83875"
14.02.2018,"1,85"
15.02.2018,"1,8725"
16.02.2018,"1,88494"
17.02.2018,"1,88494"
18.02.2018,"1,88494"
19.02.2018,"1,89213"
20.02.2018,"1,90394"
21.02.2018,"1,91975"
22.02.2018,"1,94363"
23.02.2018,"1,95625"
24.02.2018,"1,95625"
25.02.2018,"1,95625"
26.02.2018,"1,98419"
27.02.2018,"2,00625"
28.02.2018,"2,01719"
01.03.2018,"2,02457"
02.03.2018,"2,02519"
03.03.2018,"2,02519"
04.03.2018,"2,02519"
05.03.2018,"2,0349"
06.03.2018,"2,04728"
07.03.2018,"2,05725"
08.03.2018,"2,0714"
09.03.2018,"2,08875"
10.03.2018,"2,08875"
11.03.2018,"2,08875"
12.03.2018,"2,10688"
13.03.2018,"2,1245"
14.03.2018,"2,145"
15.03.2018,"2,1775"
16.03.2018,"2,20175"
17.03.2018,"2,20175"
18.03.2018,"2,20175"
19.03.2018,"2,22249"
20.03.2018,"2,24814"
21.03.2018,"2,27108"
22.03.2018,"2,28557"
23.03.2018,"2,29155"
24.03.2018,"2,29155"
25.03.2018,"2,29155"
26.03.2018,"2,29496"
27.03.2018,"2,302"
28.03.2018,"2,308"
29.03.2018,"2,31175"
30.03.2018,"2,31175"
31.03.2018,"2,31175"
01.04.2018,"2,31175"
02.04.2018,"2,31175"
03.04.2018,"2,32084"
04.04.2018,"2,32461"
05.04.2018,"2,33063"
06.04.2018,"2,33746"
07.04.2018,"2,33746"
08.04.2018,"2,33746"
09.04.2018,"2,3373"
10.04.2018,"2,33903"
11.04.2018,"2,34163"
12.04.2018,"2,34769"
13.04.2018,"2,35281"
14.04.2018,"2,35281"
15.04.2018,"2,35281"
16.04.2018,"2,35509"
17.04.2018,"2,35539"
18.04.2018,"2,35866"
19.04.2018,"2,36156"
20.04.2018,"2,35923"
21.04.2018,"2,35923"
22.04.2018,"2,35923"
23.04.2018,"2,35954"
24.04.2018,"2,36167"
25.04.2018,"2,36561"
26.04.2018,"2,35878"
27.04.2018,"2,35805"
28.04.2018,"2,35805"
29.04.2018,"2,35805"
30.04.2018,"2,36294"
01.05.2018,"2,35375"
02.05.2018,"2,36294"
03.05.2018,"2,36313"
04.05.2018,"2,36906"
05.05.2018,"2,36906"
06.05.2018,"2,36906"
07.05.2018,"2,36906"
08.05.2018,"2,3525"
09.05.2018,"2,35575"
10.05.2018,"2,355"
11.05.2018,"2,3425"
12.05.2018,"2,3425"
13.05.2018,"2,3425"
14.05.2018,"2,33"
15.05.2018,"2,32063"
16.05.2018,"2,32563"
17.05.2018,"2,33125"
18.05.2018,"2,32938"
19.05.2018,"2,32938"
20.05.2018,"2,32938"
21.05.2018,"2,33"
22.05.2018,"2,33"
23.05.2018,"2,33"
24.05.2018,"2,31938"
25.05.2018,"2,31813"
26.05.2018,"2,31813"
27.05.2018,"2,31813"
28.05.2018,"2,31813"
29.05.2018,"2,30719"
30.05.2018,"2,30031"
31.05.2018,"2,32125"
01.06.2018,"2,31781"
02.06.2018,"2,31781"
03.06.2018,"2,31781"
04.06.2018,"2,31381"
05.06.2018,"2,31919"
06.06.2018,"2,32088"
07.06.2018,"2,32713"
08.06.2018,"2,32631"
09.06.2018,"2,32631"
10.06.2018,"2,32631"
11.06.2018,"2,33263"
12.06.2018,"2,33563"
13.06.2018,"2,34063"
14.06.2018,"2,33469"
15.06.2018,"2,32594"
16.06.2018,"2,32594"
17.06.2018,"2,32594"
18.06.2018,"2,32469"
19.06.2018,"2,33025"
20.06.2018,"2,33188"
21.06.2018,"2,33506"
22.06.2018,"2,33888"
23.06.2018,"2,33888"
24.06.2018,"2,33888"
25.06.2018,"2,337"
26.06.2018,"2,33563"
27.06.2018,"2,33438"
28.06.2018,"2,33738"
29.06.2018,"2,33575"
30.06.2018,"2,33575"
01.07.2018,"2,33575"
02.07.2018,"2,3425"
03.07.2018,"2,33725"
04.07.2018,"2,33731"
05.07.2018,"2,33863"
06.07.2018,"2,33144"
07.07.2018,"2,33144"
08.07.2018,"2,33144"
09.07.2018,"2,33313"
10.07.2018,"2,33744"
11.07.2018,"2,337"
12.07.2018,"2,33919"
13.07.2018,"2,336"
14.07.2018,"2,336"
15.07.2018,"2,336"
16.07.2018,"2,33263"
17.07.2018,"2,34194"
18.07.2018,"2,3475"
19.07.2018,"2,34706"
20.07.2018,"2,34156"
21.07.2018,"2,34156"
22.07.2018,"2,34156"
23.07.2018,"2,33531"
24.07.2018,"2,33488"
25.07.2018,"2,33688"
26.07.2018,"2,33888"
27.07.2018,"2,34238"
28.07.2018,"2,34238"
29.07.2018,"2,34238"
30.07.2018,"2,34313"
31.07.2018,"2,34856"
01.08.2018,"2,34825"
02.08.2018,"2,3405"
03.08.2018,"2,343"
04.08.2018,"2,343"
05.08.2018,"2,343"
06.08.2018,"2,34325"
07.08.2018,"2,34144"
08.08.2018,"2,3405"
09.08.2018,"2,338"
10.08.2018,"2,31925"
11.08.2018,"2,31925"
12.08.2018,"2,31925"
13.08.2018,"2,31375"
14.08.2018,"2,31519"
15.08.2018,"2,31175"
16.08.2018,"2,32225"
17.08.2018,"2,31188"
18.08.2018,"2,31188"
19.08.2018,"2,31188"
20.08.2018,"2,30963"
21.08.2018,"2,31025"
22.08.2018,"2,31175"
23.08.2018,"2,31138"
24.08.2018,"2,31725"
25.08.2018,"2,31725"
26.08.2018,"2,31725"
27.08.2018,"2,31725"
28.08.2018,"2,31475"
29.08.2018,"2,31263"
30.08.2018,"2,32125"
31.08.2018,"2,32075"
01.09.2018,"2,32075"
02.09.2018,"2,32075"
03.09.2018,"2,31563"
04.09.2018,"2,32275"
05.09.2018,"2,31681"
06.09.2018,"2,32706"
07.09.2018,"2,33125"
08.09.2018,"2,33125"
09.09.2018,"2,33125"
10.09.2018,"2,33425"
11.09.2018,"2,33425"
12.09.2018,"2,3315"
13.09.2018,"2,33413"
14.09.2018,"2,33713"
15.09.2018,"2,33713"
16.09.2018,"2,33713"
17.09.2018,"2,33875"
18.09.2018,"2,3375"
19.09.2018,"2,35338"
20.09.2018,"2,36638"
21.09.2018,"2,37263"
22.09.2018,"2,37263"
23.09.2018,"2,37263"
24.09.2018,"2,37363"
25.09.2018,"2,381"
26.09.2018,"2,38613"
27.09.2018,"2,396"
28.09.2018,"2,39838"
29.09.2018,"2,39838"
30.09.2018,"2,39838"
01.10.2018,"2,39813"
02.10.2018,"2,4075"
03.10.2018,"2,40825"
04.10.2018,"2,40963"
05.10.2018,"2,40806"
06.10.2018,"2,40806"
07.10.2018,"2,40806"
08.10.2018,"2,41425"
09.10.2018,"2,42044"
10.10.2018,"2,42519"
11.10.2018,"2,43631"
12.10.2018,"2,43644"
13.10.2018,"2,43644"
14.10.2018,"2,43644"
15.10.2018,"2,44881"
16.10.2018,"2,44456"
17.10.2018,"2,44963"
18.10.2018,"2,469"
19.10.2018,"2,47719"
20.10.2018,"2,47719"
21.10.2018,"2,47719"
22.10.2018,"2,48738"
23.10.2018,"2,48988"
24.10.2018,"2,508"
25.10.2018,"2,50925"
26.10.2018,"2,52038"
27.10.2018,"2,52038"
28.10.2018,"2,52038"
29.10.2018,"2,52663"
30.10.2018,"2,541"
31.10.2018,"2,5585"
01.11.2018,"2,5815"
02.11.2018,"2,59238"
03.11.2018,"2,59238"
04.11.2018,"2,59238"
05.11.2018,"2,58925"
06.11.2018,"2,59125"
07.11.2018,"2,60113"
08.11.2018,"2,61463"
09.11.2018,"2,61813"
10.11.2018,"2,61813"
11.11.2018,"2,61813"
12.11.2018,"2,61413"
13.11.2018,"2,61613"
14.11.2018,"2,629"
15.11.2018,"2,64"
16.11.2018,"2,6445"
17.11.2018,"2,6445"
18.11.2018,"2,6445"
19.11.2018,"2,64581"
20.11.2018,"2,65313"
21.11.2018,"2,67694"
22.11.2018,"2,68925"
23.11.2018,"2,69119"
24.11.2018,"2,69119"
25.11.2018,"2,69119"
26.11.2018,"2,70681"
27.11.2018,"2,706"
28.11.2018,"2,70663"
29.11.2018,"2,73813"
30.11.2018,"2,73613"
01.12.2018,"2,73613"
02.12.2018,"2,73613"
03.12.2018,"2,75125"
04.12.2018,"2,73888"
05.12.2018,"2,76575"
06.12.2018,"2,76713"
07.12.2018,"2,77106"
08.12.2018,"2,77106"
09.12.2018,"2,77106"
10.12.2018,"2,77594"
11.12.2018,"2,779"
12.12.2018,"2,7775"
13.12.2018,"2,78819"
14.12.2018,"2,80069"
15.12.2018,"2,80069"
16.12.2018,"2,80069"
17.12.2018,"2,80363"
18.12.2018,"2,792"
19.12.2018,"2,78963"
20.12.2018,"2,82375"
21.12.2018,"2,82163"
22.12.2018,"2,82163"
23.12.2018,"2,82163"
24.12.2018,"2,81344"
25.12.2018,"2,81344"
26.12.2018,"2,81344"
27.12.2018,"2,803"
28.12.2018,"2,797"
29.12.2018,"2,797"
30.12.2018,"2,797"
31.12.2018,"2,80763"
01.01.2019,"2,80763"
02.01.2019,"2,79388"
03.01.2019,"2,795"
04.01.2019,"2,80388"
05.01.2019,"2,80388"
06.01.2019,"2,80388"
07.01.2019,"2,79681"
08.01.2019,"2,7825"
09.01.2019,"2,79888"
10.01.2019,"2,79694"
11.01.2019,"2,78731"
12.01.2019,"2,78731"
13.01.2019,"2,78731"
14.01.2019,"2,77894"
15.01.2019,"2,77344"
16.01.2019,"2,78031"
17.01.2019,"2,77575"
18.01.2019,"2,761"
19.01.2019,"2,761"
20.01.2019,"2,761"
21.01.2019,"2,77238"
22.01.2019,"2,77925"
23.01.2019,"2,77063"
24.01.2019,"2,76475"
25.01.2019,"2,75163"
26.01.2019,"2,75163"
27.01.2019,"2,75163"
28.01.2019,"2,7505"
29.01.2019,"2,74438"
30.01.2019,"2,73625"
31.01.2019,"2,7375"
01.02.2019,"2,73263"
02.02.2019,"2,73263"
03.02.2019,"2,73263"
04.02.2019,"2,73438"
05.02.2019,"2,7385"
06.02.2019,"2,73763"
07.02.2019,"2,697"
08.02.2019,"2,69775"
09.02.2019,"2,69775"
10.02.2019,"2,69775"
11.02.2019,"2,688"
12.02.2019,"2,69288"
13.02.2019,"2,68375"
14.02.2019,"2,69388"
15.02.2019,"2,68288"
16.02.2019,"2,68288"
17.02.2019,"2,68288"
18.02.2019,"2,64363"
19.02.2019,"2,64125"
20.02.2019,"2,66338"
21.02.2019,"2,651"
22.02.2019,"2,64625"
23.02.2019,"2,64625"
24.02.2019,"2,64625"
25.02.2019,"2,63863"
26.02.2019,"2,62888"
27.02.2019,"2,62613"
28.02.2019,"2,61513"
01.03.2019,"2,5985"
02.03.2019,"2,5985"
03.03.2019,"2,5985"
04.03.2019,"2,60763"
05.03.2019,"2,60663"
06.03.2019,"2,5945"
07.03.2019,"2,60063"
08.03.2019,"2,59663"
09.03.2019,"2,59663"
10.03.2019,"2,59663"
11.03.2019,"2,60825"
12.03.2019,"2,59325"
13.03.2019,"2,61088"
14.03.2019,"2,61463"
15.03.2019,"2,62525"
16.03.2019,"2,62525"
17.03.2019,"2,62525"
18.03.2019,"2,63263"
19.03.2019,"2,61275"
20.03.2019,"2,607"
21.03.2019,"2,6015"
22.03.2019,"2,60988"
23.03.2019,"2,60988"
24.03.2019,"2,60988"
25.03.2019,"2,60875"
26.03.2019,"2,59738"
27.03.2019,"2,601"
28.03.2019,"2,59175"
29.03.2019,"2,59975"
30.03.2019,"2,59975"
31.03.2019,"2,59975"
01.04.2019,"2,5955"
02.04.2019,"2,60238"
03.04.2019,"2,59775"
04.04.2019,"2,58863"
05.04.2019,"2,59213"
06.04.2019,"2,59213"
07.04.2019,"2,59213"
08.04.2019,"2,584"
09.04.2019,"2,58125"
10.04.2019,"2,6035"
11.04.2019,"2,59675"
12.04.2019,"2,601"
13.04.2019,"2,601"
14.04.2019,"2,601"
15.04.2019,"2,588"
16.04.2019,"2,60088"
17.04.2019,"2,5915"
18.04.2019,"2,58113"
19.04.2019,"2,58113"
20.04.2019,"2,58113"
21.04.2019,"2,58113"
22.04.2019,"2,58113"
23.04.2019,"2,58025"
24.04.2019,"2,58638"
25.04.2019,"2,58238"
26.04.2019,"2,58275"
27.04.2019,"2,58275"
28.04.2019,"2,58275"
29.04.2019,"2,579"
30.04.2019,"2,57563"
01.05.2019,"2,5755"
02.05.2019,"2,56513"
03.05.2019,"2,55988"
04.05.2019,"2,55988"
05.05.2019,"2,55988"
06.05.2019,"2,55988"
07.05.2019,"2,562"
08.05.2019,"2,54513"
09.05.2019,"2,53525"
10.05.2019,"2,52788"
11.05.2019,"2,52788"
12.05.2019,"2,52788"
13.05.2019,"2,518"
14.05.2019,"2,5245"
15.05.2019,"2,52513"
16.05.2019,"2,51963"
17.05.2019,"2,52188"
18.05.2019,"2,52188"
19.05.2019,"2,52188"
20.05.2019,"2,52338"
21.05.2019,"2,5235"
22.05.2019,"2,52475"
23.05.2019,"2,52063"
24.05.2019,"2,52488"
25.05.2019,"2,52488"
26.05.2019,"2,52488"
27.05.2019,"2,52488"
28.05.2019,"2,52375"
29.05.2019,"2,52175"
30.05.2019,"2,52025"
31.05.2019,"2,5025"
01.06.2019,"2,5025"
02.06.2019,"2,5025"
03.06.2019,"2,4785"
04.06.2019,"2,47438"
05.06.2019,"2,47163"
06.06.2019,"2,453"
07.06.2019,"2,45063"
08.06.2019,"2,45063"
09.06.2019,"2,45063"
10.06.2019,"2,43575"
11.06.2019,"2,4495"
12.06.2019,"2,42788"
13.06.2019,"2,41025"
14.06.2019,"2,402"
15.06.2019,"2,402"
16.06.2019,"2,402"
17.06.2019,"2,4185"
18.06.2019,"2,38663"
19.06.2019,"2,38613"
20.06.2019,"2,34313"
21.06.2019,"2,34925"
22.06.2019,"2,34925"
23.06.2019,"2,34925"
24.06.2019,"2,33288"
25.06.2019,"2,31125"
26.06.2019,"2,32988"
27.06.2019,"2,31888"
28.06.2019,"2,31988"
29.06.2019,"2,31988"
30.06.2019,"2,31988"
01.07.2019,"2,33188"
02.07.2019,"2,313"
03.07.2019,"2,2885"
04.07.2019,"2,30263"
05.07.2019,"2,31138"
06.07.2019,"2,31138"
07.07.2019,"2,31138"
08.07.2019,"2,33775"
09.07.2019,"2,34075"
10.07.2019,"2,3395"
11.07.2019,"2,30338"
12.07.2019,"2,32225"
13.07.2019,"2,32225"
14.07.2019,"2,32225"
15.07.2019,"2,30325"
16.07.2019,"2,29963"
17.07.2019,"2,3025"
18.07.2019,"2,27763"
19.07.2019,"2,25938"
20.07.2019,"2,25938"
21.07.2019,"2,25938"
22.07.2019,"2,28275"
23.07.2019,"2,2755"
24.07.2019,"2,26663"
25.07.2019,"2,25575"
26.07.2019,"2,26575"
27.07.2019,"2,26575"
28.07.2019,"2,26575"
29.07.2019,"2,2555"
30.07.2019,"2,25313"
31.07.2019,"2,26563"
01.08.2019,"2,28675"
02.08.2019,"2,23925"
03.08.2019,"2,23925"
04.08.2019,"2,23925"
05.08.2019,"2,209"
06.08.2019,"2,187"
07.08.2019,"2,1845"
08.08.2019,"2,181"
09.08.2019,"2,17563"
10.08.2019,"2,17563"
11.08.2019,"2,17563"
12.08.2019,"2,17525"
13.08.2019,"2,15813"
14.08.2019,"2,16838"
15.08.2019,"2,12375"
16.08.2019,"2,13588"
17.08.2019,"2,13588"
18.08.2019,"2,13588"
19.08.2019,"2,1515"
20.08.2019,"2,1495"
21.08.2019,"2,14763"
22.08.2019,"2,13225"
23.08.2019,"2,14438"
24.08.2019,"2,14438"
25.08.2019,"2,14438"
26.08.2019,"2,14438"
27.08.2019,"2,11738"
28.08.2019,"2,12413"
29.08.2019,"2,13175"
30.08.2019,"2,13763"
31.08.2019,"2,13763"
01.09.2019,"2,13763"
02.09.2019,"2,13275"
03.09.2019,"2,12663"
04.09.2019,"2,11238"
05.09.2019,"2,10213"
06.09.2019,"2,13413"
07.09.2019,"2,13413"
08.09.2019,"2,13413"
09.09.2019,"2,13838"
10.09.2019,"2,13163"
11.09.2019,"2,12725"
12.09.2019,"2,1185"
13.09.2019,"2,13938"
14.09.2019,"2,13938"
15.09.2019,"2,13938"
16.09.2019,"2,14513"
17.09.2019,"2,16413"
18.09.2019,"2,15588"
19.09.2019,"2,15888"
20.09.2019,"2,13463"
21.09.2019,"2,13463"
22.09.2019,"2,13463"
23.09.2019,"2,10625"
24.09.2019,"2,113"
25.09.2019,"2,09963"
26.09.2019,"2,10438"
27.09.2019,"2,09863"
28.09.2019,"2,09863"
29.09.2019,"2,09863"
30.09.2019,"2,08513"
01.10.2019,"2,08863"
02.10.2019,"2,05638"
03.10.2019,"2,04313"
04.10.2019,"2,027"
05.10.2019,"2,027"
06.10.2019,"2,027"
07.10.2019,"2,012"
08.10.2019,"2,0095"
09.10.2019,"1,98425"
10.10.2019,"1,98613"
11.10.2019,"2,00088"
12.10.2019,"2,00088"
13.10.2019,"2,00088"
14.10.2019,"2,00088"
15.10.2019,"2,00213"
16.10.2019,"2,00325"
17.10.2019,"1,96588"
18.10.2019,"1,95325"
19.10.2019,"1,95325"
20.10.2019,"1,95325"
21.10.2019,"1,934"
22.10.2019,"1,936"
23.10.2019,"1,93963"
24.10.2019,"1,93563"
25.10.2019,"1,92813"
26.10.2019,"1,92813"
27.10.2019,"1,92813"
28.10.2019,"1,9355"
29.10.2019,"1,92713"
30.10.2019,"1,90913"
31.10.2019,"1,90225"
01.11.2019,"1,8905"
02.11.2019,"1,8905"
03.11.2019,"1,8905"
04.11.2019,"1,90825"
05.11.2019,"1,8935"
06.11.2019,"1,90425"
07.11.2019,"1,90138"
08.11.2019,"1,90063"
09.11.2019,"1,90063"
10.11.2019,"1,90063"
11.11.2019,"1,90463"
12.11.2019,"1,90925"
13.11.2019,"1,90988"
14.11.2019,"1,90413"
15.11.2019,"1,90263"
16.11.2019,"1,90263"
17.11.2019,"1,90263"
18.11.2019,"1,8985"
19.11.2019,"1,89463"
20.11.2019,"1,89875"
21.11.2019,"1,9095"
22.11.2019,"1,91725"
23.11.2019,"1,91725"
24.11.2019,"1,91725"
25.11.2019,"1,91863"
26.11.2019,"1,90863"
27.11.2019,"1,91375"
28.11.2019,"1,90688"
29.11.2019,"1,9055"
30.11.2019,"1,9055"
01.12.2019,"1,9055"
02.12.2019,"1,90013"
03.12.2019,"1,8915"
04.12.2019,"1,88713"
05.12.2019,"1,885"
06.12.2019,"1,8905"
07.12.2019,"1,8905"
08.12.2019,"1,8905"
09.12.2019,"1,88838"
10.12.2019,"1,88725"
11.12.2019,"1,88738"
12.12.2019,"1,89363"
13.12.2019,"1,89963"
14.12.2019,"1,89963"
15.12.2019,"1,89963"
16.12.2019,"1,8985"
17.12.2019,"1,9025"
18.12.2019,"1,908"
19.12.2019,"1,92775"
20.12.2019,"1,93475"
21.12.2019,"1,93475"
22.12.2019,"1,93475"
23.12.2019,"1,94663"
24.12.2019,"1,9605"
25.12.2019,"1,9605"
26.12.2019,"1,9605"
27.12.2019,"1,94463"
28.12.2019,"1,94463"
29.12.2019,"1,94463"
30.12.2019,"1,90938"
31.12.2019,"1,90838"
01.01.2020,"1,90838"
02.01.2020,"1,90025"
03.01.2020,"1,87388"
04.01.2020,"1,87388"
05.01.2020,"1,87388"
06.01.2020,"1,87225"
07.01.2020,"1,878"
08.01.2020,"1,834"
09.01.2020,"1,84788"
10.01.2020,"1,83775"
11.01.2020,"1,83775"
12.01.2020,"1,83775"
13.01.2020,"1,83125"
14.01.2020,"1,84263"
15.01.2020,"1,83613"
16.01.2020,"1,82663"
17.01.2020,"1,81913"
18.01.2020,"1,81913"
19.01.2020,"1,81913"
20.01.2020,"1,80213"
21.01.2020,"1,80625"
22.01.2020,"1,80088"
23.01.2020,"1,79413"
24.01.2020,"1,79538"
25.01.2020,"1,79538"
26.01.2020,"1,79538"
27.01.2020,"1,7745"
28.01.2020,"1,7695"
29.01.2020,"1,77713"
30.01.2020,"1,76325"
31.01.2020,"1,75113"
01.02.2020,"1,75113"
02.02.2020,"1,75113"
03.02.2020,"1,741"
04.02.2020,"1,73738"
05.02.2020,"1,74163"
06.02.2020,"1,73413"
07.02.2020,"1,73088"
08.02.2020,"1,73088"
09.02.2020,"1,73088"
10.02.2020,"1,71313"
11.02.2020,"1,70725"
12.02.2020,"1,70375"
13.02.2020,"1,69163"
14.02.2020,"1,69175"
15.02.2020,"1,69175"
16.02.2020,"1,69175"
17.02.2020,"1,69288"
18.02.2020,"1,69463"
19.02.2020,"1,696"
20.02.2020,"1,68275"
21.02.2020,"1,67925"
22.02.2020,"1,67925"
23.02.2020,"1,67925"
24.02.2020,"1,64663"
25.02.2020,"1,63763"
26.02.2020,"1,61325"
27.02.2020,"1,58038"
28.02.2020,"1,46275"
29.02.2020,"1,46275"
01.03.2020,"1,46275"
02.03.2020,"1,25375"
03.03.2020,"1,31425"
04.03.2020,"1,00063"
05.03.2020,"0,99888"
06.03.2020,"0,896"
07.03.2020,"0,896"
08.03.2020,"0,896"
09.03.2020,"0,76813"
10.03.2020,"0,78413"
11.03.2020,"0,7725"
12.03.2020,"0,7405"
13.03.2020,"0,84313"
14.03.2020,"0,84313"
15.03.2020,"0,84313"
16.03.2020,"0,88938"
17.03.2020,"1,05188"
18.03.2020,"1,11575"
19.03.2020,"1,19513"
20.03.2020,"1,20413"
21.03.2020,"1,20413"
22.03.2020,"1,20413"
23.03.2020,"1,21563"
24.03.2020,"1,23238"
25.03.2020,"1,267"
26.03.2020,"1,37463"
27.03.2020,"1,45013"
28.03.2020,"1,45013"
29.03.2020,"1,45013"
30.03.2020,"1,43338"
31.03.2020,"1,4505"
01.04.2020,"1,4365"
02.04.2020,"1,373"
03.04.2020,"1,38738"
04.04.2020,"1,38738"
05.04.2020,"1,38738"
06.04.2020,"1,35238"
07.04.2020,"1,31988"
08.04.2020,"1,31138"
09.04.2020,"1,21888"
10.04.2020,"1,21888"
11.04.2020,"1,21888"
12.04.2020,"1,21888"
13.04.2020,"1,21888"
14.04.2020,"1,17613"
15.04.2020,"1,13488"
16.04.2020,"1,13525"
17.04.2020,"1,109"
18.04.2020,"1,109"
19.04.2020,"1,109"
20.04.2020,"1,09763"
21.04.2020,"1,043"
22.04.2020,"1,02025"
23.04.2020,"0,99138"
24.04.2020,"0,88713"
25.04.2020,"0,88713"
26.04.2020,"0,88713"
27.04.2020,"0,84075"
28.04.2020,"0,76013"
29.04.2020,"0,68663"
30.04.2020,"0,55613"
01.05.2020,"0,54088"
02.05.2020,"0,54088"
03.05.2020,"0,54088"
04.05.2020,"0,50088"
05.05.2020,"0,474"
06.05.2020,"0,44763"
07.05.2020,"0,43463"
08.05.2020,"0,43463"
09.05.2020,"0,43463"
10.05.2020,"0,43463"
11.05.2020,"0,4335"
12.05.2020,"0,424"
13.05.2020,"0,39238"
14.05.2020,"0,38563"
15.05.2020,"0,3805"
16.05.2020,"0,3805"
17.05.2020,"0,3805"
18.05.2020,"0,37663"
19.05.2020,"0,37413"
20.05.2020,"0,358"
21.05.2020,"0,3595"
22.05.2020,"0,36925"
23.05.2020,"0,36925"
24.05.2020,"0,36925"
25.05.2020,"0,36925"
26.05.2020,"0,37125"
27.05.2020,"0,3625"
28.05.2020,"0,35"
29.05.2020,"0,344"
30.05.2020,"0,344"
31.05.2020,"0,344"
01.06.2020,"0,33713"
02.06.2020,"0,3305"
03.06.2020,"0,32663"
04.06.2020,"0,31763"
05.06.2020,"0,31288"
06.06.2020,"0,31288"
07.06.2020,"0,31288"
08.06.2020,"0,30975"
09.06.2020,"0,31463"
10.06.2020,"0,31838"
11.06.2020,"0,31338"
12.06.2020,"0,32088"
13.06.2020,"0,32088"
14.06.2020,"0,32088"
15.06.2020,"0,299"
16.06.2020,"0,30788"
17.06.2020,"0,31625"
18.06.2020,"0,30638"
19.06.2020,"0,30513"
20.06.2020,"0,30513"
21.06.2020,"0,30513"
22.06.2020,"0,29663"
23.06.2020,"0,29688"
24.06.2020,"0,28375"
25.06.2020,"0,306"
26.06.2020,"0,30788"
27.06.2020,"0,30788"
28.06.2020,"0,30788"
29.06.2020,"0,29613"
30.06.2020,"0,302"
01.07.2020,"0,2985"
02.07.2020,"0,30375"
03.07.2020,"0,27588"
04.07.2020,"0,27588"
05.07.2020,"0,27588"
06.07.2020,"0,2765"
07.07.2020,"0,26838"
08.07.2020,"0,27288"
09.07.2020,"0,26625"
10.07.2020,"0,26813"
11.07.2020,"0,26813"
12.07.2020,"0,26813"
13.07.2020,"0,275"
14.07.2020,"0,27088"
15.07.2020,"0,27288"
16.07.2020,"0,27175"
17.07.2020,"0,27138"
18.07.2020,"0,27138"
19.07.2020,"0,27138"
20.07.2020,"0,25775"
21.07.2020,"0,2555"
22.07.2020,"0,2635"
23.07.2020,"0,2445"
24.07.2020,"0,24675"
25.07.2020,"0,24675"
26.07.2020,"0,24675"
27.07.2020,"0,26963"